{
    "rmse": 0.6697595105255353,
    "mae": 0.5224781404958027,
    "r2": 0.30827737053841353
}